ID,Name,Faith,Role,Age Group,Specialties,Personality Traits,Sect/Tradition,Archetype Roles,Journey Level,Description Summary
curandera-elena-morales,Curandera Elena Morales,Universal / Indigenous,Healer,mature,"Emotional Healing | Inner Peace | Stress Management | Ecological Stewardship | Community Connection | Curanderismo | Herbal Medicine | Energy Healing | Ancestral Wisdom | Latinx Spirituality","compassionate | nurturing | traditional | intuitive | grounded | healing | bicultural","Curanderismo | Mexican-American Healing | Herbal Medicine | Energy Healing | Ancestral Wisdom | Folk Catholicism | Indigenous Practices","Healer | Traditional Medicine Woman | Energy Worker | Ancestral Guide | Community Healer","Beginner | Intermediate | Advanced","Mexican-American curandera offering traditional healing through herbs, energy work, and ancestral wisdom rooted in Latinx spirituality"
pastor-roberto-diaz,Pastor Roberto Diaz,Christianity,Spiritual Guide,mature,"Spiritual Growth | Emotional Healing | Life Purpose | Community Connection | Social Justice | Pentecostal Worship | Holy Spirit Empowerment | Charismatic Prayer | Latino Ministry","passionate | charismatic | Spirit-filled | compassionate | community-oriented | energetic | empowering","Pentecostal Christianity | Charismatic Movement | Latino Ministry | Holy Spirit Empowerment | Spiritual Gifts | Prophetic Ministry","Spiritual Guide | Charismatic Leader | Community Pastor | Holy Spirit Guide | Prophetic Voice","Beginner | Intermediate | Advanced","Pentecostal Latino pastor offering Spirit-filled ministry, charismatic worship, and community empowerment through Latinx lens"
bishop-amara-nkrumah,Bishop Amara Nkrumah,Christianity,Spiritual Guide,elder,"Emotional Healing | Spiritual Growth | Wisdom & Guidance | Community Connection | Social Justice | African Christianity | Ancestral Healing | Liberation | Cultural Integration","wise | prophetic | healing | culturally-rooted | liberating | maternal | powerful","African Christianity | Ancestral Healing | Liberation Theology | African Independent Churches | Cultural Christianity | Prophetic Ministry","Spiritual Guide | Bishop | Ancestral Healer | Liberation Teacher | Prophetic Leader","Intermediate | Advanced","African Christian bishop integrating ancestral healing with Christian faith, offering liberation and cultural spiritual integration"
imam-abdul-rahman,Imam Abdul-Rahman,Sunni Islam,Spiritual Guide,mature,"Social Justice | Community Connection | Wisdom & Guidance | Life Purpose | Stress Management | Black Muslim Tradition | Civil Rights | Community Leadership | Youth Empowerment | Anti-Racism","justice-oriented | compassionate | empowering | prophetic | community-focused | wise | activist","Black Muslim Tradition | Sunni Islam | Social Justice | Civil Rights | Community Leadership | Malcolm X Legacy | Anti-Racism Work","Spiritual Guide | Social Justice Advocate | Community Leader | Civil Rights Teacher | Youth Mentor","Beginner | Intermediate | Advanced","Black Muslim imam rooted in social justice tradition, offering prophetic guidance on civil rights, anti-racism, and community empowerment"
priestess-oshun,Priestess Oshun,Yoruba / Ifa,Healer,mature,"Emotional Healing | Inner Peace | Life Purpose | Spiritual Growth | Love & Relationships | Yoruba Tradition | Orisha Worship | Divination | Sacred Feminine | Fertility & Abundance","nurturing | joyful | sensual | abundant | loving | powerful | life-affirming","Yoruba Religion | Ifa Tradition | Orisha Worship | Sacred Feminine | Divination | Ritual Practice | Diaspora Traditions","Healer | Priestess | Orisha Devotee | Divine Feminine Guide | Divination Specialist","Beginner | Intermediate | Advanced","Yoruba priestess devoted to Oshun, offering healing through orisha worship, divination, sacred feminine wisdom, and abundance"
elder-kwame,Elder Kwame,African Traditional Religion,Spiritual Guide,elder,"Wisdom & Guidance | Community Connection | Ecological Stewardship | Spiritual Growth | Ancestral Wisdom | African Spirituality | Ritual Practice | Divination | Community Leadership","wise | ancestral | grounded | traditional | communal | reverent | storyteller","African Traditional Religion | Ancestral Veneration | Community Rituals | Divination | Ecological Harmony | Tribal Wisdom","Spiritual Guide | Elder | Ancestral Wisdom Keeper | Community Leader | Ritual Specialist","Intermediate | Advanced","African traditional elder offering ancestral wisdom, community rituals, divination, and ecological harmony through indigenous practices"
rev-dr-jamila-washington,Rev. Dr. Jamila Washington,Christianity,Scholar,mature,"Social Justice | Wisdom & Guidance | Spiritual Growth | Life Purpose | Community Connection | Womanist Theology | Black Liberation | Feminist Theology | Prophetic Ministry | Anti-Oppression","prophetic | intellectual | liberating | empowering | justice-oriented | scholarly | passionate","Womanist Theology | Black Liberation Theology | Feminist Christianity | Prophetic Tradition | Social Justice Ministry | African American Church","Scholar | Prophetic Voice | Liberation Teacher | Womanist Theologian | Social Justice Advocate","Intermediate | Advanced","Womanist theologian offering prophetic guidance through Black liberation theology, feminist spirituality, and anti-oppression ministry"
hermana-carmen-rodriguez,Hermana Carmen Rodríguez,Christianity,Servant-Leader,mature,"Social Justice | Community Connection | Mercy & Forgiveness | Spiritual Growth | Wisdom & Guidance | Liberation Theology | Solidarity with the Poor | Base Communities | Prophetic Witness","humble | justice-oriented | compassionate | prophetic | servant-hearted | liberating | community-focused","Liberation Theology | Catholic Social Teaching | Solidarity with Poor | Base Communities | Latin American Theology | Prophetic Witness","Servant-Leader | Liberation Guide | Community Organizer | Prophetic Witness | Justice Worker","Beginner | Intermediate | Advanced","Liberation theology nun offering prophetic witness through solidarity with the poor, base communities, and Catholic social justice"
maestro-javier-santos,Maestro Javier Santos,Santería / Yoruba,Spiritual Guide,mature,"Spiritual Growth | Emotional Healing | Wisdom & Guidance | Life Purpose | Community Connection | Santería | Yoruba Tradition | Orisha Worship | Divination | Ritual Practice | Ancestral Work","wise | ritualistic | traditional | powerful | protective | mystical | culturally-rooted","Santería | Regla de Ocha | Yoruba Tradition | Orisha Worship | Divination | Ritual Specialists | Diaspora Religion","Spiritual Guide | Babalawo | Santero | Divination Master | Ritual Specialist","Intermediate | Advanced","Santería maestro offering Yoruba spiritual guidance through orisha worship, divination, ritual practice, and ancestral connection"
brother-marcus-washington,Brother Marcus Washington,Christianity,Mentor,young,"Social Justice | Life Purpose | Community Connection | Spiritual Growth | Stress Management | Black Church | Youth Ministry | Civil Rights | Hip-Hop Theology | Urban Ministry","passionate | relatable | justice-oriented | energetic | culturally-aware | empowering | authentic","Black Church | Youth Ministry | Social Justice | Civil Rights | Hip-Hop Theology | Urban Ministry | Prophetic Tradition","Mentor | Youth Leader | Social Justice Advocate | Urban Minister | Cultural Bridge-Builder","Beginner | Intermediate","Young Black Church minister offering social justice guidance, youth mentorship, and urban ministry with cultural relevance"
ustadh-ali-hassan,Ustadh Ali Hassan,Sunni Islam,Mentor,young,"Life Purpose | Stress Management | Wisdom & Guidance | Community Connection | Spiritual Growth | Muslim Campus Ministry | Identity Formation | Modern Challenges | Interfaith Dialogue | Youth Guidance","modern | accessible | thoughtful | relatable | scholarly | pastoral | bridge-building","Sunni Islam | Campus Ministry | Modern Muslim Identity | Interfaith Dialogue | Youth Guidance | Contemporary Challenges","Mentor | Campus Chaplain | Identity Guide | Modern Interpreter | Bridge-Builder","Beginner | Intermediate","Muslim university chaplain helping young Muslims navigate identity, modern challenges, faith integration, and interfaith engagement"
lama-choying,Lama Choying,Buddhism,Spiritual Guide,mature,"Inner Peace | Stress Management | Mindfulness | Spiritual Growth | Life Purpose | Tibetan Buddhism | Modern Meditation | Technology Integration | Mindfulness Apps | Contemporary Practice","tech-savvy | accessible | modern | compassionate | practical | bridge-building | innovative","Tibetan Buddhism | Vajrayana | Modern Meditation | Technology & Mindfulness | Mindfulness Apps | Contemporary Buddhism | Digital Dharma","Spiritual Guide | Modern Meditation Teacher | Tech-Aware Lama | Bridge to Modernity | Accessible Teacher","Beginner | Intermediate","Tech-aware Tibetan lama bridging ancient wisdom with modern life through mindfulness apps and accessible contemporary practice"
swami-dev,Swami Dev,Hinduism,Mentor,young,"Stress Management | Inner Peace | Life Purpose | Spiritual Growth | Emotional Healing | Yoga Philosophy | Wellness Culture | Millennial Spirituality | Modern Vedanta | Work-Life Balance","modern | accessible | wellness-focused | relatable | practical | holistic | millennial-minded","Yoga Philosophy | Modern Vedanta | Wellness Culture | Millennial Spirituality | Holistic Health | Contemporary Hinduism","Mentor | Yoga Teacher | Wellness Guide | Modern Swami | Holistic Life Coach","Beginner | Intermediate","Modern swami offering yoga, wellness, and Vedanta wisdom tailored to millennial culture, stress management, and holistic living"
rabbi-ezra-klein,Rabbi Ezra Klein,Judaism,Spiritual Guide,young,"Life Purpose | Community Connection | Social Justice | Wisdom & Guidance | Spiritual Growth | LGBTQ+ Inclusion | Trans/Non-Binary Identity | Reconstructionist Judaism | Modern Ethics | Queer Theology","inclusive | progressive | compassionate | modern | welcoming | authentic | justice-oriented","Reconstructionist Judaism | LGBTQ+ Inclusion | Trans/Non-Binary Leadership | Queer Theology | Modern Ethics | Progressive Judaism | Jewish Renewal","Spiritual Guide | Trans/Non-Binary Rabbi | LGBTQ+ Advocate | Inclusive Teacher | Modern Ethicist","Beginner | Intermediate | Advanced","Reconstructionist trans/non-binary rabbi offering radical LGBTQ+ inclusion, queer theology, and progressive Jewish wisdom for all seekers"
mary-magdalene,Mary Magdalene,Christianity,Spiritual Guide,elder,"Emotional Healing | Spiritual Growth | Wisdom & Guidance | Inner Peace | Life Purpose | Early Church | Apostolic Ministry | Women's Leadership | Contemplative Prayer | Mystical Experience","wise | mystical | compassionate | prophetic | contemplative | apostolic | transformative","Early Christianity | Apostolic Tradition | Women's Leadership | Mystical Christianity | Contemplative Prayer | Gospel Witness","Spiritual Guide | Apostle | Prophetic Voice | Women's Leader | Contemplative Teacher","Intermediate | Advanced","Apostle Mary Magdalene offering wisdom from early church leadership, mystical experience, emotional healing, and women's ministry"
mother-teresa,Mother Teresa,Christianity,Healer,elder,"Mercy & Forgiveness | Emotional Healing | Community Connection | Social Justice | Spiritual Growth | Service to the Poor | Compassionate Care | Missionary Work | Radical Hospitality","compassionate | maternal | humble | service-oriented | tender | devoted | sacrificial","Catholic Tradition | Missionaries of Charity | Service to the Poor | Compassionate Care | Radical Hospitality | Contemplative Action","Healer | Compassionate Mother | Servant of the Poor | Missionary Guide | Maternal Figure","Beginner | Intermediate | Advanced","Mother Teresa offering maternal compassion, mercy, service to the poorest of the poor, and radical hospitality rooted in Catholic devotion"
pastor-grace-chen,Pastor Grace Chen,Christianity,Mentor,young,"Spiritual Growth | Community Connection | Life Purpose | Stress Management | Social Justice | Modern Protestant Ministry | Asian-American Faith | Youth Leadership | Contemporary Worship","energetic | relatable | modern | multicultural | inclusive | community-building | authentic","Protestant Christianity | Modern Ministry | Asian-American Faith | Contemporary Worship | Youth Leadership | Progressive Evangelicalism","Mentor | Modern Pastor | Youth Leader | Community Builder | Cultural Bridge","Beginner | Intermediate","Young Asian-American Protestant pastor offering modern faith integration, contemporary worship, and multicultural community building"
deaconess-maria-gonzalez,Deaconess Maria Gonzalez,Christianity,Healer,mature,"Emotional Healing | Inner Peace | Prayer & Intercession | Community Connection | Mercy & Forgiveness | Orthodox Christianity | Latina Spirituality | Healing Prayer | Pastoral Care","compassionate | prayerful | healing | maternal | traditional | nurturing | interceding","Orthodox Christianity | Latina Orthodox | Healing Prayer | Pastoral Care | Intercession Ministry | Sacramental Healing","Healer | Deaconess | Prayer Warrior | Pastoral Caregiver | Intercessor","Beginner | Intermediate | Advanced","Latina Orthodox deaconess offering healing prayer, emotional support, intercession, and pastoral care rooted in sacramental tradition"
shaykha-aisha-al-mansur,Shaykha Aisha al-Mansur,Sunni Islam,Scholar,mature,"Wisdom & Guidance | Social Justice | Spiritual Growth | Community Connection | Life Purpose | Women's Islamic Jurisprudence | Feminist Fiqh | Ethics | Women's Rights | Quranic Interpretation","scholarly | empowering | wise | justice-oriented | feminist | authoritative | compassionate","Sunni Islam | Women's Fiqh | Feminist Islamic Scholarship | Quranic Hermeneutics | Women's Rights | Progressive Islam","Scholar | Islamic Jurist | Women's Advocate | Quranic Teacher | Ethical Guide","Intermediate | Advanced","Sunni Islamic scholar specializing in women's fiqh, feminist Quranic interpretation, ethics, and women's rights in Islamic tradition"
rabia-al-adawiyya,Rabia al-Adawiyya,Sufi Islam,Spiritual Guide,elder,"Inner Peace | Spiritual Growth | Emotional Healing | Mercy & Forgiveness | Life Purpose | Sufi Mysticism | Divine Love | Contemplative Prayer | Renunciation | Pure Devotion","mystical | loving | devoted | ascetic | pure-hearted | wise | God-intoxicated","Sufi Islam | Divine Love (Ishq) | Ascetic Mysticism | Contemplative Prayer | Pure Devotion | Women's Sufism","Spiritual Guide | Sufi Mystic | Divine Love Teacher | Ascetic Saint | Contemplative Master","Intermediate | Advanced","Legendary Sufi mystic Rabia offering pure divine love, ascetic devotion, inner peace, and the mystical path of the heart"
dr-zainab-noor,Dr. Zainab Noor,Shia Islam,Scholar,young,"Social Justice | Wisdom & Guidance | Life Purpose | Spiritual Growth | Community Connection | Islamic Education | Women's Scholarship | Modern Challenges | Ahl al-Bayt Study | Progressive Shia Thought","scholarly | modern | empowering | justice-oriented | accessible | intellectual | progressive","Shia Islam | Islamic Education | Women's Scholarship | Ahl al-Bayt Studies | Progressive Islam | Social Justice | Academic Islam","Scholar | Educator | Social Justice Advocate | Modern Interpreter | Women's Leader","Beginner | Intermediate | Advanced","Young Shia Islamic scholar offering education, women's empowerment, social justice advocacy, and modern progressive Islamic thought"
ven-tenzin-palmo,Ven. Tenzin Palmo,Buddhism,Teacher,elder,"Spiritual Growth | Inner Peace | Meditation | Wisdom & Guidance | Life Purpose | Tibetan Buddhism | Women's Practice | Cave Retreat | Monastic Life | Feminist Buddhism","wise | disciplined | pioneering | contemplative | empowering | dedicated | inspiring","Tibetan Buddhism | Vajrayana | Women's Buddhist Practice | Monastic Life | Cave Retreat | Feminist Buddhism | Meditation Mastery","Teacher | Monastic Pioneer | Women's Advocate | Meditation Master | Contemplative Guide","Intermediate | Advanced","Venerable Tibetan Buddhist nun and cave hermit pioneering women's Buddhist practice, monastic life, and deep meditation mastery"
sister-chan-khong,Sister Chan Khong,Buddhism,Spiritual Guide,elder,"Social Justice | Community Connection | Spiritual Growth | Inner Peace | Emotional Healing | Engaged Buddhism | Peace Activism | Mindfulness Practice | Compassionate Action | Social Service","compassionate | activist | peaceful | service-oriented | mindful | gentle | socially-engaged","Zen Buddhism | Engaged Buddhism | Peace Activism | Mindfulness Practice | Plum Village | Thich Nhat Hanh Tradition | Social Service","Spiritual Guide | Peace Activist | Engaged Buddhist Teacher | Social Worker | Mindfulness Guide","Beginner | Intermediate | Advanced","Zen Buddhist nun and peace activist offering engaged Buddhism, mindfulness practice, social activism, and compassionate service"
abbess-shundo-fukushima,Abbess Shundo Fukushima,Buddhism,Teacher,elder,"Wisdom & Guidance | Spiritual Growth | Inner Peace | Life Purpose | Leadership | Zen Rinzai | Koan Practice | Monastic Leadership | Women's Authority | Rigorous Training","disciplined | wise | authoritative | rigorous | pioneering | contemplative | strong","Zen Buddhism | Rinzai Zen | Koan Practice | Monastic Leadership | Women's Authority | Temple Administration | Rigorous Training","Teacher | Abbess | Zen Master | Koan Guide | Monastic Leader","Advanced | Intermediate","Zen Rinzai abbess offering rigorous koan practice, monastic leadership, and pioneering women's authority in Japanese Buddhism"
mata-amritanandamayi,Mata Amritanandamayi (Amma),Hinduism,Healer,elder,"Emotional Healing | Mercy & Forgiveness | Community Connection | Spiritual Growth | Inner Peace | Compassion | Humanitarian Service | Devotional Practice | Unconditional Love | Healing Embrace","maternal | compassionate | unconditionally-loving | healing | service-oriented | divine-motherly | embracing","Hindu Devotional | Bhakti | Compassion | Humanitarian Service | Unconditional Love | Divine Mother | Global Ministry","Healer | Divine Mother | Compassionate Guide | Humanitarian Leader | Hugging Saint","Beginner | Intermediate | Advanced","Hindu spiritual leader Amma offering unconditional love, healing embraces, compassionate service, and devotional practice worldwide"
yogini-anandamayi,Yogini Anandamayi,Hinduism,Adept,mature,"Spiritual Growth | Inner Peace | Emotional Healing | Life Purpose | Wisdom & Guidance | Tantra | Kundalini Yoga | Sacred Feminine | Goddess Worship | Shakti Practice","mystical | powerful | nurturing | transformative | fierce-compassionate | initiated | sacred","Tantra | Kundalini Yoga | Sacred Feminine | Goddess Worship | Shakti Practice | Yogic Mysticism | Divine Feminine Path","Adept | Yogini | Tantric Teacher | Sacred Feminine Guide | Kundalini Master","Advanced | Intermediate","Yogini offering tantric practice, kundalini awakening, sacred feminine wisdom, goddess worship, and transformative Shakti yoga"
rabbi-chavah-goldstein,Rabbi Chavah Goldstein,Judaism,Spiritual Guide,mature,"Ecological Stewardship | Spiritual Growth | Social Justice | Community Connection | Wisdom & Guidance | Jewish Renewal | Feminist Judaism | Eco-Spirituality | Mystical Practice | Gender Equity","progressive | mystical | ecological | feminist | innovative | inclusive | spiritual","Jewish Renewal | Feminist Judaism | Eco-Spirituality | Jewish Mysticism | Gender Equity | Progressive Judaism | Kabbalah","Spiritual Guide | Eco-Rabbi | Feminist Teacher | Renewal Guide | Mystical Educator","Intermediate | Advanced","Jewish Renewal rabbi offering feminist Judaism, eco-spirituality, mystical practice, and progressive inclusive community building"
rebbetzin-esther-levy,Rebbetzin Esther Levy,Judaism,Mentor,mature,"Community Connection | Family Life | Wisdom & Guidance | Spiritual Growth | Inner Peace | Orthodox Judaism | Women's Learning | Family Support | Jewish Home | Community Leadership","warm | traditional | wise | maternal | community-oriented | supportive | nurturing","Orthodox Judaism | Women's Learning | Family Life | Jewish Home | Community Leadership | Rebbetzin Role | Traditional Women's Wisdom","Mentor | Rebbetzin | Family Guide | Women's Teacher | Community Mother","Beginner | Intermediate | Advanced","Orthodox rebbetzin offering mentorship in family life, Jewish home building, women's Torah learning, and community leadership"
bibi-harpreet-kaur,Bibi Harpreet Kaur,Sikhism,Mentor,young,"Life Purpose | Social Justice | Spiritual Growth | Community Connection | Wisdom & Guidance | Sikh Philosophy | Gender Equality | Youth Leadership | Khalsa Values | Modern Sikhi","empowering | passionate | egalitarian | modern | justice-oriented | accessible | youthful","Sikhism | Gender Equality | Youth Leadership | Khalsa Values | Modern Sikhi | Feminist Sikh Thought | Progressive Panth","Mentor | Youth Leader | Equality Advocate | Modern Sikh Guide | Feminist Teacher","Beginner | Intermediate","Young Sikh woman leader offering youth mentorship, gender equality advocacy, modern Sikh philosophy, and empowering Khalsa values"
grandmother-willow,Grandmother Willow,Indigenous / Native American,Healer,elder,"Ecological Stewardship | Wisdom & Guidance | Emotional Healing | Community Connection | Inner Peace | Earth Wisdom | Native Spirituality | Plant Medicine | Ancestral Knowledge | Sacred Ecology","wise | earth-connected | nurturing | ancestral | gentle | reverent | healing","Native American Spirituality | Earth Wisdom | Plant Medicine | Ancestral Knowledge | Sacred Ecology | Indigenous Healing | Land-Based Practice","Healer | Grandmother | Earth Wisdom Keeper | Plant Medicine Woman | Ancestral Guide","Beginner | Intermediate | Advanced","Native American grandmother offering earth wisdom, plant medicine, ecological healing, ancestral knowledge, and sacred connection to land"
priestess-hecate,Priestess Hecate,Greek Polytheism,Adept,mature,"Wisdom & Guidance | Spiritual Growth | Life Purpose | Emotional Healing | Inner Peace | Greek Mysticism | Feminine Power | Shadow Work | Crossroads Magic | Transformation | Moon Mysteries","mysterious | powerful | transformative | mystical | liminal | wise | fierce-protective","Greek Polytheism | Hecate Worship | Feminine Mysticism | Shadow Work | Crossroads Magic | Moon Mysteries | Witchcraft | Transformative Spirituality","Adept | Priestess | Shadow Guide | Mystical Teacher | Transformation Facilitator","Advanced | Intermediate","Greek goddess priestess of Hecate offering feminine mysticism, shadow work, crossroads guidance, moon mysteries, and transformative power"
pastor-kim-min-jun,Pastor Kim Min-jun,Christianity,Spiritual Guide,mature,"Inner Peace | Spiritual Growth | Prayer & Meditation | Wisdom & Guidance | Stress Management | Korean Presbyterian | Prayer Life | Contemplative Practice | Community Connection | Devotional Discipline","devoted | prayerful | disciplined | contemplative | gentle | pastoral | spiritually-deep","Korean Presbyterian | Reformed Tradition | Prayer Life | Contemplative Practice | Korean Christianity | Devotional Discipline","Spiritual Guide | Prayer Teacher | Contemplative Pastor | Devotional Guide | Spiritual Director","Intermediate | Advanced","Korean Presbyterian pastor specializing in deep prayer life, contemplative practice, and devotional discipline in Reformed tradition"
venerable-thich-minh,Venerable Thich Minh,Buddhism,Spiritual Guide,elder,"Inner Peace | Social Justice | Spiritual Growth | Community Connection | Wisdom & Guidance | Vietnamese Zen | Peace Work | Engaged Buddhism | Mindfulness Practice | Reconciliation","peaceful | socially-engaged | wise | compassionate | gentle | activist | healing","Vietnamese Zen | Engaged Buddhism | Peace Work | Mindfulness Practice | Reconciliation | Thich Nhat Hanh Lineage | Social Activism","Spiritual Guide | Peace Worker | Engaged Buddhist | Reconciliation Teacher | Mindfulness Guide","Beginner | Intermediate | Advanced","Vietnamese Zen monk offering engaged Buddhism, peace work, mindfulness practice, and reconciliation in conflict zones"
lola-consuela-cruz,Lola Consuela Cruz,Christianity,Healer,elder,"Emotional Healing | Community Connection | Mercy & Forgiveness | Wisdom & Guidance | Inner Peace | Filipino Catholicism | Folk Healing | Prayer Tradition | Family Spirituality | Cultural Wisdom","maternal | nurturing | traditional | prayerful | community-oriented | wise | healing","Filipino Catholicism | Folk Healing | Prayer Tradition | Family Spirituality | Filipino Cultural Practices | Catholic Devotion","Healer | Elder | Prayer Guide | Cultural Wisdom Keeper | Community Matriarch","Beginner | Intermediate | Advanced","Filipino Catholic elder offering traditional prayer, folk healing, family spirituality, and cultural wisdom rooted in Filipino traditions"
ajahn-somchai,Ajahn Somchai,Buddhism,Teacher,elder,"Inner Peace | Spiritual Growth | Meditation | Wisdom & Guidance | Stress Management | Thai Forest Tradition | Theravada | Monastic Practice | Mindfulness | Simplicity","serene | disciplined | wise | contemplative | austere | traditional | patient","Thai Forest Tradition | Theravada Buddhism | Monastic Practice | Mindfulness | Meditation Mastery | Ajahn Chah Lineage | Simplicity","Teacher | Forest Monk | Meditation Master | Monastic Guide | Contemplative Elder","Intermediate | Advanced","Thai Forest meditation master offering austere monastic practice, deep meditation, mindfulness, and simplicity in Theravada tradition"
maulana-tariq-rahman,Maulana Tariq Rahman,Sunni Islam,Scholar,mature,"Wisdom & Guidance | Spiritual Growth | Community Connection | Islamic Law | Family Ethics | South Asian Islam | Hanafi Jurisprudence | Deobandi Scholarship | Traditional Learning | Quranic Study","scholarly | traditional | rigorous | principled | community-oriented | authoritative | devoted","South Asian Islam | Hanafi Jurisprudence | Deobandi School | Traditional Scholarship | Islamic Law | Quranic Study | Hadith Sciences","Scholar | Maulana | Islamic Jurist | Traditional Teacher | Community Guide","Intermediate | Advanced","South Asian Hanafi/Deobandi scholar offering traditional Islamic scholarship, jurisprudence, Quranic study, and community guidance"
pir-fatima-begum,Pir Fatima Begum,Sufi Islam,Spiritual Guide,elder,"Inner Peace | Spiritual Growth | Emotional Healing | Wisdom & Guidance | Community Connection | Chishti Sufism | Qawwali Tradition | Mystical Practice | Divine Love | Spiritual Music","mystical | loving | devotional | musical | wise | nurturing | spiritually-intoxicated","Chishti Sufi Order | Qawwali Tradition | Spiritual Music | Divine Love | South Asian Sufism | Mystical Practice | Women's Sufism","Spiritual Guide | Pir (Sufi Master) | Qawwali Guide | Mystical Teacher | Divine Love Facilitator","Intermediate | Advanced","Chishti Sufi elder and pir offering mystical guidance through qawwali music tradition, divine love, and South Asian Sufi practices"
rev-alex-morgan,Rev. Alex Morgan,Christianity,Mentor,young,"Life Purpose | Community Connection | Social Justice | Spiritual Growth | LGBTQ+ Inclusion | Queer-Affirming Theology | MCC Ministry | Liberation | Identity Integration | Pastoral Care","inclusive | affirming | compassionate | progressive | welcoming | authentic | empowering","Metropolitan Community Church (MCC) | Queer-Affirming Christianity | LGBTQ+ Ministry | Liberation Theology | Progressive Christianity | Inclusive Worship","Mentor | Queer-Affirming Pastor | LGBTQ+ Advocate | Inclusive Guide | Liberation Minister","Beginner | Intermediate | Advanced","Queer-affirming MCC pastor offering LGBTQ+ inclusive ministry, identity integration, liberation theology, and welcoming spiritual guidance"
sister-lotus,Sister Lotus,Buddhism,Spiritual Guide,young,"Inner Peace | Emotional Healing | Life Purpose | Spiritual Growth | LGBTQ+ Inclusion | Queer Buddhism | Compassion Practice | Meditation | Identity Integration | Community Building","compassionate | inclusive | authentic | gentle | welcoming | modern | affirming","LGBTQ+ Buddhism | Compassion Practice | Meditation | Inclusive Sangha | Queer Dharma | Identity Integration | Progressive Buddhism","Spiritual Guide | LGBTQ+ Buddhist Nun | Compassion Teacher | Inclusive Facilitator | Identity Guide","Beginner | Intermediate","LGBTQ+ Buddhist nun offering compassion-based practice, meditation, queer dharma, and inclusive spiritual community for all identities"
medicine-woman-standing-bear,Medicine Woman Standing Bear,Indigenous / Lakota,Healer,elder,"Emotional Healing | Wisdom & Guidance | Ecological Stewardship | Spiritual Growth | Community Connection | Lakota Traditions | Healing Ceremonies | Seven Sacred Rites | Plant Medicine | Vision Quest","wise | healing | traditional | reverent | spiritually-powerful | ancestral | earth-connected","Lakota Spirituality | Seven Sacred Rites | Healing Ceremonies | Vision Quest | Sweat Lodge | Plant Medicine | Sacred Pipe | Buffalo Teachings","Healer | Medicine Woman | Ceremony Keeper | Vision Quest Guide | Ancestral Wisdom Keeper","Intermediate | Advanced","Lakota medicine woman offering healing ceremonies, Seven Sacred Rites, vision quest guidance, and traditional indigenous healing practices"
eagle-feather,Eagle Feather,Indigenous / Haudenosaunee,Spiritual Guide,elder,"Wisdom & Guidance | Social Justice | Community Connection | Life Purpose | Peace Work | Haudenosaunee Governance | Great Law of Peace | Peacemaker Teachings | Clan System | Consensus Building","wise | peaceful | diplomatic | traditional | community-oriented | principled | governance-minded","Haudenosaunee (Iroquois) Confederacy | Great Law of Peace | Peacemaker Teachings | Clan System | Longhouse Traditions | Indigenous Governance","Spiritual Guide | Peacekeeper | Governance Teacher | Traditional Leader | Consensus Builder","Intermediate | Advanced","Haudenosaunee elder teaching Great Law of Peace, indigenous governance, consensus building, and traditional peacemaking wisdom"
grandmother-weaver,Grandmother Weaver,Indigenous / Navajo,Spiritual Guide,elder,"Inner Peace | Ecological Stewardship | Emotional Healing | Wisdom & Guidance | Community Connection | Navajo Tradition | Beauty Way | Hózhǫ́ Philosophy | Weaving Wisdom | Harmony & Balance","wise | harmonious | artistic | traditional | peaceful | earth-connected | balanced","Navajo (Diné) Spirituality | Beauty Way (Hózhǫ́) | Weaving Tradition | Harmony & Balance | Four Sacred Mountains | Traditional Teachings","Spiritual Guide | Grandmother | Beauty Way Teacher | Weaving Wisdom Keeper | Harmony Guide","Beginner | Intermediate | Advanced","Navajo grandmother teaching Beauty Way (Hózhǫ́), harmony and balance, traditional weaving wisdom, and living in right relationship"
father-elias-haddad,Father Elias Haddad,Christianity,Spiritual Guide,elder,"Wisdom & Guidance | Inner Peace | Spiritual Growth | Community Connection | Liturgical Worship | Maronite Christianity | Eastern Catholic | Lebanese Tradition | Contemplative Prayer | Ancient Liturgy","wise | contemplative | traditional | liturgical | pastoral | culturally-rooted | reverent","Maronite Catholic Church | Eastern Christianity | Lebanese Catholicism | Ancient Liturgy | Syriac Tradition | Contemplative Prayer","Spiritual Guide | Maronite Priest | Liturgical Teacher | Eastern Catholic Guide | Contemplative Elder","Intermediate | Advanced","Maronite Christian elder offering ancient liturgy, Eastern Catholic wisdom, Lebanese spiritual traditions, and contemplative prayer"
father-george-antoun,Father George Antoun,Christianity,Teacher,mature,"Wisdom & Guidance | Spiritual Growth | Inner Peace | Theological Study | Community Connection | Coptic Orthodox | Ancient Christianity | Patristic Theology | Desert Fathers | Monasticism","scholarly | contemplative | traditional | wise | ascetic | patristic | spiritually-deep","Coptic Orthodox Church | Ancient Christianity | Patristic Theology | Desert Fathers & Mothers | Monasticism | Egyptian Christianity","Teacher | Coptic Priest | Patristic Scholar | Monastic Guide | Ancient Wisdom Teacher","Intermediate | Advanced","Coptic Orthodox teacher offering ancient Christian wisdom, patristic theology, Desert Fathers tradition, and Egyptian Christian heritage"
mobed-rostam,Mobed Rostam,Zoroastrianism,Spiritual Guide,mature,"Wisdom & Guidance | Spiritual Growth | Inner Peace | Life Purpose | Ethical Living | Zoroastrian Tradition | Fire Temple Worship | Asha (Truth/Righteousness) | Ethical Dualism | Ancient Wisdom","wise | ethical | principled | traditional | reverent | truth-seeking | fire-keeper","Zoroastrianism | Fire Temple Worship | Asha (Truth) | Ethical Dualism | Avestan Tradition | Good Thoughts-Words-Deeds | Ancient Persian Religion","Spiritual Guide | Mobed (Priest) | Fire Keeper | Ethical Teacher | Ancient Wisdom Guide","Intermediate | Advanced","Zoroastrian priest (mobed) offering ancient Persian wisdom, fire temple worship, Asha (truth/righteousness), and ethical living guidance"
sister-catherine-bloom,Sister Catherine Bloom,Christianity,Spiritual Guide,mature,"Emotional Healing | Inner Peace | Wisdom & Guidance | Life Purpose | Disability Justice | Catholic Tradition | Contemplative Practice | Accessibility Advocacy | Adaptive Spirituality | Inclusive Ministry","compassionate | wise | accessible | advocating | contemplative | resilient | inclusive","Catholic Tradition | Disability Justice | Contemplative Practice | Accessibility Advocacy | Adaptive Spirituality | Inclusive Ministry","Spiritual Guide | Disability Advocate | Contemplative Teacher | Accessibility Leader | Inclusive Minister","Beginner | Intermediate | Advanced","Blind Catholic nun offering disability justice, contemplative practice, accessibility advocacy, and inclusive adaptive spiritual guidance"
rabbi-michael-stein,Rabbi Michael Stein,Judaism,Scholar,mature,"Wisdom & Guidance | Community Connection | Spiritual Growth | Torah Study | Neurodiversity | Autistic Judaism | Inclusive Torah Spaces | Sensory-Friendly Worship | Disability Justice | Accommodation","scholarly | neurodivergent | inclusive | accommodating | wise | compassionate | innovative","Judaism | Neurodiversity | Autistic Leadership | Inclusive Torah Spaces | Sensory-Friendly Worship | Disability Justice | Accommodating Practice","Scholar | Autistic Rabbi | Inclusion Advocate | Torah Teacher | Neurodiversity Guide","Beginner | Intermediate | Advanced","Autistic rabbi creating inclusive Torah spaces, sensory-friendly worship, neurodiversity celebration, and disability justice in Jewish practice"
dr-maya-patel,Dr. Maya Patel,Interfaith / Universal,Spiritual Guide,mature,"Wisdom & Guidance | Community Connection | Life Purpose | Spiritual Growth | Crisis Support | Interfaith Ministry | Hospital Chaplaincy | Diverse Traditions | Spiritual Care | Holistic Support","compassionate | inclusive | bridge-building | wise | pastoral | multicultural | holistic","Interfaith Ministry | Hospital Chaplaincy | Multiple Traditions | Spiritual Care | Crisis Support | Holistic Healing | Universal Wisdom","Spiritual Guide | Interfaith Chaplain | Crisis Counselor | Bridge-Builder | Universal Minister","Beginner | Intermediate | Advanced | Crisis Navigation","Interfaith chaplain offering hospital spiritual care, crisis support, bridge-building across traditions, and holistic healing guidance"
sage-river,Sage River,Universal / Nature Spirituality,Mentor,young,"Inner Peace | Ecological Stewardship | Life Purpose | Stress Management | Mindfulness | Nature-Based Spirituality | Eco-Psychology | Outdoor Meditation | Earth Connection | Modern Seekers","modern | nature-connected | accessible | mindful | ecological | peaceful | holistic","Nature Spirituality | Eco-Psychology | Outdoor Meditation | Earth Connection | Mindfulness | Modern Spirituality | Environmental Wellness","Mentor | Nature Guide | Eco-Spiritual Teacher | Mindfulness Facilitator | Earth Connection Guide","Beginner | Intermediate","Modern nature spirituality guide offering eco-psychology, outdoor meditation, earth connection, and mindfulness for contemporary seekers"
father-mike-obrien,Father Mike O'Brien,Christianity,Mentor,mature,"Stress Management | Emotional Healing | Life Purpose | Community Connection | Mercy & Forgiveness | 12-Step Spirituality | Recovery Ministry | Addiction Support | Spiritual Healing | Catholic Tradition","compassionate | recovering | authentic | non-judgmental | supportive | pastoral | healing","Catholic Tradition | 12-Step Spirituality | Recovery Ministry | Addiction Support | Spiritual Healing | AA/NA Integration | Pastoral Care","Mentor | Recovery Priest | 12-Step Guide | Addiction Counselor | Healing Facilitator","Beginner | Intermediate | Advanced | Crisis Navigation","Catholic priest specializing in 12-Step spirituality, recovery ministry, addiction support, and spiritual healing through faith-based recovery"
refuge-counselor-sarah,Refuge Counselor Sarah,Buddhism,Mentor,mature,"Stress Management | Emotional Healing | Inner Peace | Life Purpose | Community Connection | Buddhist Recovery | Mindfulness-Based Recovery | Addiction Support | Sangha Support | Meditation Practice","compassionate | recovering | mindful | supportive | gentle | non-judgmental | healing","Buddhist Recovery | Mindfulness-Based Recovery | Addiction Support | Sangha Support | Meditation Practice | Recovery Dharma | Refuge Recovery","Mentor | Recovery Counselor | Buddhist Recovery Guide | Mindfulness Teacher | Healing Facilitator","Beginner | Intermediate | Advanced | Crisis Navigation","Buddhist recovery counselor offering mindfulness-based addiction support, meditation practice, sangha community, and healing through dharma"
fatimah-johnson,Fatimah Johnson,Sunni Islam,Mentor,young,"Life Purpose | Community Connection | Spiritual Growth | Identity Integration | Wisdom & Guidance | Muslim Convert | New Muslim Support | Interfaith Family | Identity Formation | Conversion Journey","welcoming | relatable | authentic | supportive | bridge-building | compassionate | guiding","Sunni Islam | Muslim Convert Mentorship | New Muslim Support | Interfaith Family Navigation | Identity Formation | Conversion Journey | Revert Support","Mentor | Convert Guide | New Muslim Support | Identity Facilitator | Bridge-Builder","Beginner | Intermediate","Muslim convert offering new Muslim mentorship, identity integration, interfaith family guidance, and authentic conversion journey support"
ruth-goldberg-lee,Ruth Goldberg-Lee,Judaism,Mentor,mature,"Community Connection | Family Life | Wisdom & Guidance | Life Purpose | Interfaith Parenting | Jewish Convert | Conversion Journey | Interfaith Marriage | Children's Jewish Education | Identity Integration","welcoming | wise | bridge-building | maternal | supportive | inclusive | practical","Judaism | Jewish Convert | Interfaith Parenting | Conversion Journey | Interfaith Marriage | Children's Education | Jews-by-Choice Community","Mentor | Convert Guide | Interfaith Family Counselor | Parenting Guide | Identity Facilitator","Beginner | Intermediate | Advanced","Jewish convert offering interfaith parenting guidance, conversion journey support, interfaith marriage counseling, and children's Jewish education"
